USERNAME,NATIONALITY,AGE,PLAYER,KILLS,ASSISTS,DEATHS,ACS,ADR,TEAMNAMES
15
Noob1,USA,30,T,1,2,30,4,5
Pro1,Chile,12,T,69,70,7,6,73
Hacker1,Asia,18,T,9018,9019,0,9020,9021
Noob2,Canada,29,T,2,3,4,5,6
Pro2,Chile,11,T,74,75,22,76,77
Hacker2,Asia,17,T,9015,9016,0,9017,9018
Noob3,Europe,28,T,3,4,5,6,7
Pro3,USA,9,T,77,78,23,79,80
Hacker3,Chile,15,T,74,75,22,76,77
Noob4,Europe,44,T,4,5,6,7,8
Pro4,Chile,10,T,80,81,0,92,93
Hacker4,Asia,19,T,9007,9008,0,9009,9010
Noob5,Chile,37,F,0,0,0,0,0
Pro5,Europe,20,T,93,95,21,96,97
Hacker5,Asia,20,T,9002,9003,0,9005,9006
